filename,total_points,total_distance_km,raw_elevation_gain_m,raw_elevation_loss_m,raw_gain_loss_ratio,gain_10m,loss_10m,ratio_10m,gain_25m,loss_25m,ratio_25m,gain_50m,loss_50m,ratio_50m,official_elevation_gain_m,accuracy_raw,accuracy_10m,accuracy_25m,accuracy_50m,noise_level,gradient_issues,data_quality_score
Valencia2022.gpx,312,42.2734892037027,121.945104241375,127.798743605617,0.954196424791884,106.894456583442,111.855879614097,0.955644503911892,90,94,0.961247501059436,75.2195619630799,77.9243381821608,0.965289712018367,46,265.098052698641,232.379253442266,196,163.520786876261,Medium,0,90
Tarawera_Ultra_Trail_21km.gpx,2970,22.5889020318269,1025.31385857523,1168.1113888429,0.877753498825895,730.594151593502,874.458809711846,0.835481492643718,531,676,0.785582552360013,385.142885767693,531.687722586835,0.724377993710005,400,256.328464643807,182.648537898376,133,96.2857214419233,Medium,66,60
Berlin Garmin.gpx,12596,42.6688078930739,219.999984741211,220.399982452393,0.998185128207676,118.401558103759,118.007848811522,1.00333629751074,92,92,1.00268903100431,74.7637865249148,74.6499127226832,1.00152543784819,73,301.369842111248,162.193915210629,126,102.416145924541,Low,5,95
la-barjo-et-le-raid-de-l-archange-2025-raid-de-l-archange-etape-2.gpx,2410,79.7434510918513,703,706,0.995750708215297,690.996105240121,693.996105240123,0.995677209169692,642,645,0.995352002643935,555.314021339106,558.314021339106,0.99462667981577,541,129.944547134935,127.725712613701,119,102.645844979502,Medium,0,90
Lavaredo10_K_2025_1def89aacb.gpx,622,9.69206592280173,427,427.099999999999,0.999765862795598,377.716050416085,377.771890241722,0.999852186393221,347,348,0.999129179935377,326.766325686126,328.090193911407,0.995964925956798,300,142.333333333333,125.905350138695,116,108.922108562042,Medium,11,79
M01_Oslo-Bergen.gpx,20473,500.047310871708,19497.6142349243,19929.5964393616,0.978324588470639,18240.3226606097,18672.0873004233,0.976876466306805,17008,17436,0.975490887018039,15770.6360949299,16188.510266728,0.974186990346051,15000,129.984094899495,121.602151070731,113,105.137573966199,Medium,534,60
Oncol.gpx,2921,52.70276393876,2279,2275,1.00175824175824,2092.99515855784,2088.8486544706,1.00198506678709,1814,1810,1.00239885494355,1553.28495941635,1549.08424320984,1.00271174161439,1600,142.4375,130.812197409865,113,97.0803099635218,Medium,69,60
v8_2024_UTK_by_UTMB_30km_RACE_ALIGNMENT_WEB_1f05f20777.gpx,3054,31.9936330038564,1295.48,1650.71,0.7848016913934,980.469388727786,1334.18908196825,0.734880386879914,690,1041,0.662991354029475,560.194953901244,906.420211356872,0.618030077973058,610,212.373770491803,160.732686676686,113,91.8352383444662,Medium,94,45
TRACCIA-50KM-1jj.gpx,2599,48.0951014804348,3738,3728,1.00268240343348,3306.66048098263,3298.50202488179,1.00247338217145,2938,2932,1.00224908286698,2727.90962395393,2726.20176418789,1.0006264612504,2600,143.769230769231,127.179249268563,113,104.919600921305,High,242,45
mozart100_CITY.gpx,531,9.11280116923134,429.63,428.15,1.00345673245358,378.416845353998,375.103306170982,1.00883367096078,333,327,1.01903539217952,293.008668540909,286.693902447265,1.02202616114169,300,143.21,126.138948451333,111,97.6695561803029,Medium,42,60
JA_Tral_10_km_2024_b2b15fa87b.gpx,496,11.1457525722525,483.7,479.9,1.0079183163159,414.816259570801,411.391152581439,1.00832567002929,330,328,1.00730370749197,290.493816025908,288.608376797809,1.0065328638379,300,161.233333333333,138.2720865236,110,96.8312720086359,High,13,62
GPX 2025 O-SEE 16k 2025.gpx,711,16.8795583927005,897,888,1.01013513513514,752.483735255874,742.781945518985,1.01306142374006,643,637,1.00883189778688,534.878538946523,530.375279046104,1.00849070474875,586,153.071672354949,128.410193729671,110,91.2762011854135,High,39,45
Tarawera_Ultra_Trail_160km.gpx,19112,161.609358880568,5376.68750879413,5401.67774258011,0.995373616313874,4601.65271105322,4627.05525788628,0.994509997089453,4049,4074,0.993683018609456,3512.11923768071,3537.48488329226,0.992829468832121,3700,145.315878616058,124.368992190628,109,94.9221415589382,Medium,526,60
v8_2024_UTK_by_UTMB_50km_RACE_ALIGNMENT_WEB_38e245c8e7.gpx,5413,50.0027892665479,2256.91,2612.62,0.863849316012279,1807.8992842796,2161.9524156796,0.836234540209017,1422,1775,0.801108935253396,1247.60877271151,1598.57330456476,0.780451399475354,1300,173.608461538461,139.069175713816,109,95.9699055931932,Medium,179,60
Texport25.gpx,1359,25.8642500567286,1699,1699,1,1593.87718602616,1593.87718602615,1,1488,1488,1,1386.55652461629,1386.55652461629,1,1370,124.014598540146,116.341400439865,109,101.208505446445,High,104,45
mozart100_LIGHT.gpx,1485,36.6122125245325,2293.76,2531.32,0.906151731112621,1992.94606257588,2227.65395800024,0.894638979011326,1725,1956,0.882065703053536,1515.31274162641,1744.5784947354,0.868583870659395,1600,143.36,124.559128910992,108,94.7070463516507,High,173,45
2025_Desert_Rats_Trail_Running_Festival_by_UTMB_50k_Course_8e95c5c5e7.gpx,4254,49.094413123037,1948.679,1948.404,1.00014114115964,1380.59480221722,1379.39189919474,1.00087205312948,1130,1127,1.00254282676427,989.698941212,983.092156722476,1.00672041216517,1050,185.588476190476,131.485219258783,108,94.2570420201905,Medium,53,60
v9_2024_UTK_by_UTMB_Miler_RACE_ALIGNMENT_WEB_c82fc5e149.gpx,11312,161.033878123803,7660.19000000002,7198.13000000001,1.0641916720037,6428.43017311628,5962.40298132357,1.07816096853106,5379,4912,1.09501594713308,4757.28237243786,4286.18243814982,1.10991131177594,5000,153.2038,128.568603462326,108,95.1456474487572,Medium,319,60
MUT_LITE_2025.gpx,583,11.8229282929711,338,357,0.946778711484594,313.711049614154,332.315478295981,0.944015762439881,279,297,0.940545288057738,243.641467815862,261.317245090952,0.932358933032002,260,130,120.658096005444,107,93.7082568522546,Medium,5,85
v8_2024_UTK_by_UTMB_100km_RACE_ALIGNMENT_WEB_7df486a34b.gpx,7648,106.474283986735,4576,4930.71999999999,0.928059188110461,3859.11947652068,4212.53584533086,0.916103653052138,3254,3604,0.902860907477385,2887.29933991208,3234.98483727338,0.892523299226852,3030,151.023102310231,127.363679093092,107,95.2904072578243,Medium,183,60
Pilolcura.gpx,12969,97.8127232802304,4970,4966,1.00080547724527,4374.57571869212,4369.36087108253,1.00119350352682,3733,3727,1.00143128692812,3272.56092490633,3268.17084731506,1.00134328277081,3500,142,124.987877676918,107,93.5017407116093,Medium,718,60
Trail_10_K_2024_1_66d8b7cf23.gpx,9264,10.7280697143309,609.199999999997,609.799999999997,0.999016070842899,548.20644132683,548.444846527704,0.999565306881112,529,529,0.998622394686916,505.71342671899,506.948931143761,0.997562862156582,500,121.839999999999,109.641288265366,106,101.142685343798,Low,1048,70
MUT_25_KM_2025.gpx,4251,25.5806521036735,1343,1361,0.98677443056576,1063.18330356751,1081.23434185205,0.983305156351567,888,906,0.98055973730008,731.900585438337,748.84626245715,0.977370953333986,850,158,125.080388655002,105,86.1059512280396,Medium,405,60
UTMB_24_25k_completo_agrofloresta_1_700f24c800.gpx,10028,26.7630526661851,948.000084114087,949.400084304813,0.998525384383391,852.679714239265,854.166234500072,0.998259682716589,783,785,0.997962313292587,708.35807664612,710.078196827003,0.99757756231839,750,126.400011215212,113.690628565235,104,94.4477435528159,Low,387,70
ISTRIA_21.gpx,804,21.5119290126459,220.499951,495.599933000001,0.444915215515172,194.955001693211,470.128116781304,0.414684837460808,164,440,0.371975792253315,126.696471661851,403.550462435537,0.313954470271706,157,140.445828662421,124.175160314147,104,80.6983895935356,Medium,0,75
fun_7_1_7baac1030b.gpx,215,6.93267104814196,90,90,1,66.400422172771,66.4453375904529,0.999324024539409,52,52,0.997515373782716,40.0729815187949,40.543536749068,0.988393828757824,50,180,132.800844345542,104,80.1459630375898,Medium,0,90
WSERUpdatedAug2024.gpx,8067,160.601332621363,6208.27899999999,7713.50399999998,0.804858466398671,5488.54188360158,6993.9370615838,0.784757116810353,5099,6605,0.771973534369371,4767.72115462697,6276.0932255124,0.759663851908083,4960,125.166915322581,110.656086362935,103,96.1234103755438,Medium,226,60
dolomiti-extreme-trail-2025-gps-103k.gpx,4432,102.042059346522,5643.076463,5642.11217799999,1.00017090851256,5618.18113818753,5617.21685318753,1.00017166597359,5575,5574,1.0001729892701,5496.85359617039,5495.83184982451,1.00018591295618,5433,103.866675188662,103.408450914551,103,101.175291665201,High,119,45
mozart100_MOZART_100.gpx,5269,118.19895754317,7620.89,7619.27999999997,1.00021130605517,6766.69492775691,6761.46146783488,1.00077401312526,5949,5941,1.0013041804782,5334.77313430795,5326.83809137095,1.00148963471405,5800,131.394655172414,116.667153926843,103,91.9788471432406,High,402,45
dolomiti-extreme-trail-2025-gps-72k.gpx,3234,74.028895830438,4078.16873700001,4077.28842500001,1.00021590623675,4060.92592326371,4060.0456112637,1.00021682317991,4030,4029,1.00021847642303,3974.75556244486,3973.8046506403,1.00023929505553,3930,103.770196870229,103.331448429102,103,101.138818382821,High,110,45
LUT_20k_variante_2024_de2a531f04.gpx,2703,19.5069785882458,1080.38122558594,1132.98120117188,0.95357383200045,1058.01262289702,1110.13290349735,0.953050413661163,1025,1077,0.9517696978573,973.56702344137,1025.17190762056,0.949662213921791,1000,108.038122558594,105.801262289702,102,97.356702344137,Medium,317,60
dolomiti-extreme-trail-2025-gps-11k.gpx,486,11.9402059721742,466.485044,465.557302,1.00199275577037,464.742166851216,463.814424851216,1.00200024395597,462,461,1.00201205478483,457.018813248635,456.102062651689,1.00200996810147,451,103.433490909091,103.04704364772,102,101.334548392158,Medium,0,90
vut13.gpx,1012,12.7143977231,1160.89069,871.075260000001,1.33270997732159,1053.1269913679,763.270557403274,1.3797558167981,1024,735,1.39361337651736,996.68786890194,708.356867331256,1.40704200787518,1000,116.089069,105.31269913679,102,99.668786890194,High,242,30
kagaspa20_20250109_7667eb0ce1.gpx,879,20.012647789309,1821,2092,0.870458891013384,1227.56107073894,1496.405067796,0.820340091835538,739,1005,0.735272800596132,596.197995530325,862.09482165205,0.691568932507701,722,252.216066481994,170.022308966612,102,82.5758996579398,High,99,45
dolomiti-extreme-trail-2025-gps-55k.gpx,2536,56.1686918514127,3121.959133,3120.30936,1.00052872097272,3113.23892710734,3111.58915410735,1.00053020270938,3098,3096,1.00053285422493,3069.37330971291,3067.72827822335,1.0005362376783,3042,102.628505358317,102.341845072562,102,100.899845815678,High,113,45
JAT_25_km_f113f19ff7.gpx,1247,24.3285472435699,1411.8,1407.9,1.00277008310249,1242.98713476303,1239.4194371386,1.00287852321622,1068,1065,1.00313095621827,979.400124289672,976.92749475723,1.00253102665828,1050,134.457142857143,118.379727120289,102,93.2762023133021,High,89,45
2025marathon_2985511d33.gpx,6407,43.8533299831405,3275.09994506836,3478.29995727539,0.941580652990549,3123.04592608506,3326.44475894637,0.938853987484905,3051,3254,0.937704331924363,2987.11512861868,3187.49551123737,0.937135477708986,3000,109.169998168945,104.101530869502,102,99.5705042872894,Medium,761,60
X-Marathon.gpx,6407,43.8533299831405,3275.09994506836,3478.29995727539,0.941580652990549,3123.04592608506,3326.44475894637,0.938853987484905,3051,3254,0.937704331924363,2987.11512861868,3187.49551123737,0.937135477708986,3000,109.169998168945,104.101530869502,102,99.5705042872894,Medium,761,60
CHEDI_10.gpx,929,12.650124247128,423.888,426.265,0.994423656645514,349.591587013796,351.879053013727,0.993499283403375,305,307,0.993217042156562,272.037187949155,275.219936329441,0.988435618354059,300,141.296,116.530529004599,102,90.6790626497184,Medium,20,70
la-barjo-et-le-raid-de-l-archange-2025-raid-de-l-archange-etape-1.gpx,3218,73.3090165262911,1963,2119,0.92638036809816,1649.58960170128,1805.58960170128,0.913601629155918,1534,1690,0.908000231724222,1385.55955760992,1539.50400971118,0.900003864147042,1510,130,109.244344483528,102,91.7589110999949,Medium,118,60
2024_Kodiak_Ultra_Marathons_by_UTMB_10k_Course_9c5dfaf240.gpx,515,10.4225495816408,381.735000000001,381.414000000001,1.00084160518492,325.405757003185,325.012412082807,1.00121024584217,305,303,1.0039917718104,296.031943085698,294.779279151165,1.00424949792313,300,127.245,108.468585667728,102,98.6773143618995,Medium,0,90
hochkoenigman-speed-trail-2024-1.gpx,749,20.1215624205307,1083,1083,1,1066.61467075996,1067.15763119736,0.999491208775979,1035,1036,0.999033015374379,992.686162251575,995.393099742996,0.99728053420089,1020,106.176470588235,104.57006576078,101,97.3221727697622,High,10,65
SKY_2024_de336280ae.gpx,1879,15.4683615077375,891.8515625,889.8359375,1.00226516475123,847.044456995575,843.976299939452,1.00363535925872,811,807,1.00492433411495,776.124188447461,771.467100862391,1.00603666388348,800,111.4814453125,105.880557124447,101,97.0155235559327,Medium,63,60
JAT_15_km_2024_243cdd0d29.gpx,688,17.1735442705056,696,692,1.00578034682081,631.10927763839,627.329621004178,1.006024993094,556,554,1.00481843346414,513.559657060119,511.192138338099,1.00463136762963,550,126.545454545454,114.747141388798,101,93.3744831018397,High,47,45
dolomiti-extreme-trail-2025-gps-35k.gpx,1652,35.9177157591867,2113.259594,2114.187896,0.999560917928934,2107.86678919876,2108.79509119876,0.999559795067868,2098,2099,0.999557784191922,2081.5907599113,2082.62249635595,0.99950459747436,2075,101.843835855422,101.583941648133,101,100.317626983677,High,0,75
dolomiti-extreme-trail-2025-gps-22k.gpx,1061,21.1194010921865,971.786527,970.781462,1.00103531540243,969.020601705566,968.015536705566,1.00103827362464,964,963,1.00104339855331,955.814854101905,954.814530612336,1.00104766261666,954,101.864415828092,101.574486551946,101,100.190236279026,Medium,13,77
volvic-volcanic-experience-2025.gpx,4340,110.698062850198,3898,3898,1,3551.6024853106,3551.6837761377,0.999977112031302,3416,3417,0.999801609409129,3224.25633186643,3227.17878320809,0.999094425336188,3381,115.291333924874,105.045917932878,101,95.3639849709088,Medium,135,60
Trail_50k2024_62c7002d87.gpx,30645,49.3298633690629,4094.49999999992,4099.7,0.99873161450836,3597.94502682847,3598.6341022629,0.999808517505573,3434,3437,0.999113187792685,3239.15566215819,3237.61357320143,1.00047630420428,3400,120.426470588233,105.821912553778,101,95.2692841811231,Medium,1734,60
Trail_80_K2024_Parc_Central_4454e3113a.gpx,17530,76.2530427192566,4579.30000000022,4583.70000000023,0.999040076793855,4211.89823272824,4218.40009698659,0.998458689524732,3938,3950,0.996957033278659,3683.05533870255,3701.31811479182,0.995065872339832,3900,117.417948717954,107.997390582775,101,94.4373163769884,Medium,2017,60
montan-aspe-2025-la-course-de-soudious-2025.gpx,420,9.69505073391306,438,438,1,369.8601189014,369.8601189014,1,350,351,0.999049251704723,327.646293444862,328.329893279042,0.997917948233852,347,126.224783861671,106.587930519135,101,94.4225629524097,Medium,28,62
GPX 2025 O-SEE 75k 2025.gpx,2052,74.8486737996534,3189.969419,3189.861784,1.00003374284132,3017.53907174421,3016.90488492163,1.00021021107618,2832,2831,1.00046285963624,2626.57010958163,2624.23664309189,1.00088919819631,2806,113.683870955096,107.538812250328,101,93.6054921447479,High,63,45
EXP_2024_V1_d870334997.gpx,13621,31.8670886985003,2364.7890625,2357.87890625,1.00293066629999,2161.51958087366,2154.26915905151,1.0033656062854,2112,2104,1.00366815804822,2066.87929099144,2058.25735463838,1.00418894961489,2100,112.60900297619,102.929503851127,101,98.4228233805448,Low,1766,70
2025_Desert_Rats_Trail_Running_Festival_by_UTMB_100k_Course_4e624a1649.gpx,5665,102.048199759635,3132.451,3132.451,1,2458.38179107041,2458.49582976225,0.999953614445687,2059,2059,1.00019931646009,1777.17987256865,1776.06553963601,1.0006274165608,2050,152.802487804878,119.921062979044,100,86.6917011009096,Medium,79,60
JAT_80_km_b683bd5621.gpx,3311,78.4026038184163,4823.9,4490.59999999999,1.07422170756692,4258.00346111202,3925.16364878373,1.08479641668735,3815,3484,1.0950340553168,3528.24606189368,3199.96250188638,1.10258981466619,3800,126.944736842105,112.052722660843,100,92.8485805761494,High,285,45
la-barjo-80.gpx,4495,80.8422613162476,3004,3004,1,2071.30268588694,2069.31634349359,1.00095990272323,1826,1822,1.00187881292435,1575.8850486679,1572.02029176738,1.00245846502158,1820,165.054945054945,113.807839883898,100,86.5870905861485,Medium,310,60
montan-aspe-2025-le-defi-de-l-ourdinse-2025.gpx,2016,36.1123944404742,3443,3443,1,2804.25311542688,2804.25311542689,0.999999999999999,2693,2693,0.999999999999999,2588.96101110785,2588.96101110785,0.999999999999998,2690,127.992565055762,104.247327711037,100,96.2439037586561,High,471,45
GT_2025_16337d7757.gpx,1582,17.6495278232078,696.975418,710.625417999999,0.980791568026913,676.771477120714,689.724580704678,0.981219889871504,650,662,0.982734164856959,612.752691273701,620.161909941499,0.988052767270893,650,107.226987384615,104.118688787802,100,94.2696448113385,Medium,16,74
JAT_120_km_2fc5df2fe0.gpx,5146,123.517779839064,7449.59999999999,7124.6,1.04561659601942,6622.60123712507,6298.30519717659,1.05148941338915,5942,5620,1.05744367283512,5503.22973516866,5181.85256664186,1.06201974378732,5940,125.414141414141,111.491603318604,100,92.6469652385296,High,383,45
le-brin-de-folie.gpx,2520,27.6151357897655,1828,1828,1,1021.36502140432,1021.36502140432,1,919,919,0.999811690611604,792.557471112341,793.386122295947,0.9989555511997,919,198.911860718172,111.138740087521,100,86.2412917423657,Medium,408,60
2025_MYULTRA_MY_100_CLEAN_c1be1715b0.gpx,4385,93.9197531033944,7765,7770,0.999356499356499,5405.4176907364,5411.24151351163,0.998923754787014,4884,4890,0.998676650955668,4564.84910703303,4571.58074204311,0.998527503856997,4890,158.79345603272,110.540239074364,100,93.3506974853381,High,915,45
montan-aspe-2025-le-raid-aspois-2025.gpx,4699,59.1279456297166,5595,5595,1,4258.37219241683,4258.37219241683,1,4088,4088,0.999976456989465,3939.76349465413,3939.74636467863,1.00000434798942,4096,136.5966796875,103.964164853926,100,96.1856321937043,High,1094,45
GPX 2025 O-SEE 100k 2025.gpx,2828,100.096586233304,4133,4133,1,3892.62634173234,3892.06083364283,1.0001452978547,3642,3641,1.00038213755237,3359.44606146133,3357.18616045883,1.00067315331783,3654,113.108921729611,106.530551224202,100,91.9388632036488,High,87,45
montan-aspe-2025-la-rando-2025-bergout-via-le-poey.gpx,742,14.6364755660326,1134,1134,1,987.861468065736,987.861468065736,1,954,954,1.0004168655283,931.112219223066,930.34288598035,1.0008269351594,959,118.248175182482,103.009537858784,99,97.0919936624678,High,133,45
montan-aspe-2025-la-ronde-de-bergout-2025.gpx,836,16.5311721214697,1190,1190,1,1030.01657770136,1030.01657770136,0.999999999999999,994,994,0.999664633007859,965.75667520663,966.423341873297,0.999310171187117,1000,119,103.001657770135,99,96.575667520663,High,135,45
6k_torrencial_e084d18def.gpx,548,6.38876408708196,202,202,1,159.434932154281,158.155761420186,1.00808804385379,149,146,1.01719312888584,136.797613841325,133.538152559248,1.02440846469425,150,134.666666666667,106.289954769521,99,91.1984092275502,Medium,22,68
Ultrak18.gpx,3529,18.8031326077274,1101.64,1093.64,1.00731502139644,1099.07560839807,1091.20266324517,1.00721492479635,1091,1084,1.00718396562093,1067.70611465049,1059.76007667121,1.00749795935345,1100,100.149090909091,99.9159643998244,99,97.064192240954,Low,687,70
RT_2025_47643f828c.gpx,5248,66.7348044500229,6309.40012207033,6310.4001220703,0.999841531443233,4176.9296128365,4178.2842387994,0.99967579372645,3864,3864,1.00007047817407,3645.30697846011,3642.75924352137,1.0006993970143,3900,161.779490309496,107.1007593035,99,93.4694097041053,High,937,45
trail-de-haute-provence-2025-thp120.gpx,12878,125.353828441526,8241,8281,0.995169665499336,6099.81673339825,6139.80544903234,0.993486973493534,5805,5845,0.993172821044671,5509.15076171755,5547.21300006258,0.993138493448044,5860,140.631399317406,104.09243572352,99,94.0128116334053,Medium,1622,60
mozart100_HALF.gpx,2292,22.4426924757972,1387.81,1690.73,0.820834787340379,1177.61825197047,1478.53135404828,0.796478376157597,988,1287,0.767950996192621,876.243045925961,1174.50212497293,0.746054883422333,1000,138.781,117.761825197047,99,87.6243045925961,Medium,317,60
la-petite-barjo.gpx,775,14.8581474153265,688,687,1.00145560407569,544.913211735159,544.365520869033,1.00100610866252,507,506,1.00028712909852,459.766982262772,460.367383701477,0.998695821076902,513,134.11306042885,106.220898973715,99,89.6231934235423,Medium,68,60
hochkoenigman-endurane-trail-original.gpx,6578,82.2942334142794,6356,6356,1,5193.94142661206,5194.94142661205,0.99980750504811,4947,4948,0.999672522584007,4686.84682409629,4691.24228844463,0.999063048958445,5030,126.361829025845,103.259272894872,98,93.1778692663279,High,1152,45
kagaspa50_060225_correctedelevation_639b8dee54.gpx,1689,55.1643652318264,3592.08,3592.781,0.999804886521054,3176.1305719512,3176.58287004859,0.999857614891255,2671,2671,0.999985859524952,2273.65851163939,2274.00201815579,0.999848941859481,2717,132.207581891793,116.898438422937,98,83.6826835347587,High,117,45
Claudia_Augusta_Altinate_Trail_14.gpx,1942,13.572133943724,815.547013318317,814.86025909778,1.0008427877208,801.314554903879,800.43467159757,1.00109925686322,785,785,1.00047668553824,770.463130823849,769.599214940269,1.00112255296888,800,101.94337666479,100.164319362985,98,96.3078913529811,Medium,163,60
la-barjo-50.gpx,2661,48.907995616749,2036,2036,1,1351.58973130194,1351.35570784055,1.00017317680314,1165,1165,0.999982045835692,964.796165715071,966.67407633565,0.998057348731542,1188,171.380471380471,113.77017940252,98,81.2117984608646,Medium,234,60
Texport50.gpx,3127,50.5024647948277,3324,3324,1,3095.45747653211,3095.45747653211,1,2926,2926,1,2770.20695618286,2770.20695618286,1,2985,111.356783919598,103.700417974275,98,92.8042531384542,High,369,45
hochkoenigman-skyrace-original.gpx,1083,29.304943455036,2610,2610,1,2575.96380862484,2575.92374293389,1.0000155539119,2529,2529,1.00003832744372,2450.89143054836,2450.43291142775,1.00018711759807,2580,101.162790697674,99.8435584738312,98,94.9957918817195,High,148,45
hochkoenigman-k3-panorama-trail.gpx,2148,32.4070623084828,2382,2382,1,2106.77860393458,2107.32921459079,0.999738716356042,2052,2054,0.999422491340718,1991.59833669405,1994.48188248686,0.998554238161734,2094,113.753581661891,100.610248516456,98,95.1097581993337,High,310,45
KAT_100miles.gpx,6094,165.671481221902,10192,10192,1,10019.7713448008,10020.1935714973,0.999957862421166,9701,9704,0.999732691736255,9361.588181201,9366.81714249919,0.999441756872303,9900,102.949494949495,101.209811563644,98,94.5614967798081,High,380,45
vut90_2024.gpx,6248,89.3812731773124,6808.43800000002,6695.63,1.01684800384729,6149.2657413093,6037.17349754779,1.01856700719418,5870,5758,1.01945053576173,5594.98132884748,5482.5897485519,1.02049972466484,6000,113.473966666667,102.487762355155,98,93.2496888141247,High,1078,45
torrencial_37k_ok_1_b33fdba1a3.gpx,1630,37.1986467645999,1376,1375,1.00072727272727,1161.21431251078,1159.52315910801,1.00145849040572,1076,1074,1.00159684902283,981.288535168395,979.97524347571,1.00134012741794,1100,125.090909090909,105.56493750098,98,89.2080486516723,Medium,88,60
2024_Speedgoat_Mountain_Races_by_UTMB_28k_Course_3a1dde400f.gpx,1531,30.8917858438126,2315,2305.51,1.00411622591097,2095.5995069295,2084.58586075951,1.00528337372775,1954,1942,1.00580698188437,1837.5708952351,1826.92915401307,1.00582493371385,2000,115.75,104.779975346475,98,91.8785447617548,High,138,45
Vesuvio 30k-2025.gpx,4518,30.062771996186,2277.50774902347,2277.50774902347,1,2101.34279062571,2100.98954101288,1.00016813487451,1990,1989,1.0004670967088,1891.44845475192,1890.53625539759,1.0004825082575,2040,111.642536716837,103.006999540476,98,92.7180615074469,Medium,263,60
tokyo-grand-trail-2025-110km.gpx,5656,113.758080587609,10029,10029,1,8172.83554187507,8173.25543750027,0.999948625657377,7595,7596,0.999852822748137,6907.87597180369,6909.73986937282,0.999730250688975,7789,128.758505584799,104.927918113687,98,88.6875846938463,High,1092,45
2025_MYULTRA_MY_50_CLEAN_9b15cbb2f9.gpx,3558,53.4684809156088,3677,3681,0.99891333876664,2396.93353450934,2401.600201176,0.998056851151005,2160,2165,0.99788464641383,1941.99097272769,1947.32430606102,0.997261199217443,2216,165.929602888087,108.164870690855,97,87.6349716934877,High,689,45
Kodiak_Ultra_Marathons_by_UTMB_100k.gpx,3420,98.6044984122405,2983.781,2982.461,1.00044258751414,2569.27769086478,2567.79492939821,1.00057744543756,2291,2290,1.00062002167368,2142.70653387767,2141.15659654948,1.00072387854802,2350,126.969404255319,109.330965568714,97,91.1790014416028,Medium,5,85
TRANS_INT_160.gpx,14624,169.317818732276,11030.0472116672,11013.9362238742,1.00146278201231,9748.03491074057,9732.00318423172,1.00164732031067,8753,8736,1.00184754887925,7932.52670704754,7917.55878282304,1.001890472131,8980,122.829033537496,108.552727291098,97,88.3354867154515,Medium,865,60
SUTHEP_20.gpx,2098,23.2595283347459,1325.021,1327.398,0.998209278603706,1232.57485497823,1234.96182291126,0.998067172694127,1160,1162,0.998160056191032,1093.80301310788,1097.06363529242,0.997027864127807,1190,111.346302521008,103.577718905733,97,91.9162195888979,Medium,119,60
UTMB_24_35k_Inicio_Jabaquara_3_8bfc7df3d6.gpx,12861,35.4264141367276,1312.90009998087,1312.70009969474,1.00015235794236,1212.04682208907,1211.98015532703,1.00005500647989,1121,1120,1.00006824931134,1026.33761641548,1025.44898493595,1.00086657795033,1150,114.165226085293,105.395375833832,97,89.2467492535197,Low,779,70
MtEsjaUltra2021.gpx,7696,43.1837561081434,3746.19999999994,3831.39999999997,0.977762697708401,3609.22297203333,3693.41312344102,0.977205325103395,3488,3570,0.977090612180907,3314.5859223755,3391.26590972454,0.977388978219268,3580,104.642458100557,100.816284135009,97,92.5861989490364,Medium,1403,60
hochkoenigman-business-trail-24.gpx,125,3.6744910871516,126,126,1,123.091408282967,123.566169656779,0.996157836929553,117,118,0.987693060530819,112.997758510393,115.259421997621,0.980377625984672,120,105,102.576173569139,97,94.1647987586609,High,1,74
tdg12k.gpx,870,11.4671701762592,846.100067138672,845.900054931641,1.0002364489822,810.443184316774,809.138015802435,1.00161303571066,798,795,1.0042864657625,780.560153119342,775.623801529154,1.00636436321378,820,103.182935016911,98.8345346727773,97,95.1902625755295,High,51,45
2024_Speedgoat_Mountain_Races_by_UTMB_50k_Course_80b5c5f415.gpx,2382,50.3413229517055,3866.21,3866.29,0.999979308329173,3545.96721664925,3545.63993182629,1.00009230627736,3353,3349,1.00113770066156,3199.88451977399,3194.090936388,1.0018138442209,3450,112.064057971015,102.781658453601,97,92.7502759354781,High,204,45
t293880441_ts 52 2024(1).gpx,2916,54.1157817073425,3870.97676000001,3871.17676,0.999948336122994,3568.98871129929,3571.92558382163,0.999177790115326,3399,3406,0.998012637545445,3258.86001508425,3269.68672592977,0.996688762027367,3500,110.599336,101.971106037123,97,93.1102861452643,High,292,45
Trail-Hautacam-45-km.gpx,2191,44.3632777463391,2704,2704,1,2666.90341910736,2666.63228663731,1.00010167598713,2583,2582,1.00029436035351,2483.21045484921,2482.75328762363,1.00018413719473,2660,101.654135338346,100.259527034111,97,93.3537764980908,High,237,45
Kat100_speed_trail.gpx,1790,23.5595613173206,1658,1656,1.0012077294686,1636.60825902596,1633.77982631647,1.00173122024396,1601,1596,1.00288610540881,1533.39302447695,1525.45256234926,1.00520531567069,1650,100.484848484848,99.1883793349064,97,92.9329105743606,High,306,45
X-Alpine.gpx,8311,137.766085628736,9466.79998779297,9468.49996948242,0.999820459239063,9272.50932657095,9273.2819225339,0.999916685810978,9019,9019,0.999992875459529,8711.41753805297,8711.65403863974,0.999972852389945,9300,101.793548255838,99.7044013609779,97,93.6711563231502,Medium,642,60
kagaspa100_corrected_ele_20241108_6bebb3a177.gpx,13711,97.3604558846224,7967,7967,1,6902.70129889059,6902.75167327648,0.999992702274647,5962,5961,1.0000539945572,5207.38606843146,5206.55714701796,1.00015920720547,6148,129.586857514639,112.275557886965,97,84.700489076634,Medium,2516,60
JAT_50_km_2024_start_Zavrsnica_jezero_A1_2f19894782.gpx,2327,52.2633616377828,3330.4,3152.99999999999,1.05626387567396,2947.12066008476,2770.36110031147,1.06380379790686,2618,2443,1.07168229616523,2430.38447330201,2258.15536618218,1.07626982168681,2700,123.348148148148,109.152617040176,97,90.0142397519261,High,193,45
Kodiak_Ultra_Marathons_by_UTMB_100_mile.gpx,4563,156.239489126527,4768.87099999999,4766.76100000001,1.00044264858255,4297.81507554692,4295.34561985867,1.00057491431582,3975,3972,1.0006931250002,3740.7516422576,3736.71504033971,1.00108025414684,4100,116.313926829268,104.824757940169,97,91.2378449331122,High,11,64
la-barjo-et-le-raid-de-l-archange-2025-raid-de-l-archange-etape-3.gpx,6211,99.612063318355,3648,3495,1.04377682403433,2112.05586734207,1960.01657313322,1.0775704125633,1575,1424,1.10616667163238,1162.87298642256,1011.21159876594,1.14997987349207,1627,224.216349108789,129.81289903762,97,71.4734472294139,Medium,511,60
UTMB_24_58k_trilha_Dera_1_1681834781.gpx,12338,57.5210926436427,3675.40000257487,3673.00000247953,1.000653416851,3431.92426623649,3428.95266148559,1.00086662169014,3286,3282,1.00124285086807,3163.28111017729,3159.07473665979,1.0013315207357,3400,108.100000075732,100.938949006956,97,93.0376797110966,Medium,1393,60
Oravaman.gpx,4049,19.3606518200138,1261.59936523438,1252.19934082031,1.00750681150168,1233.11137047091,1223.58562994464,1.00778510330062,1206,1197,1.00777378154132,1177.40102248555,1168.33267801468,1.007761782788,1250,100.92794921875,98.6489096376726,97,94.1920817988438,Low,701,70
Trail_21k_Includes_Aid_Stations_2024_db8c8ccd98.gpx,18079,21.5478901389518,2013.1,2012.5,1.00029813664596,1781.91134285757,1781.2878206097,1.00035004014548,1737,1736,1.00038923054041,1683.7050883922,1682.0936255276,1.00095801020831,1800,111.838888888889,98.9950746031983,96,93.5391715773443,Low,1416,70
TL_20k_2025_c52a307649.gpx,847,25.3853257053315,1874,1874,1,1555.64033763456,1555.50050612709,1.00008989486466,1447,1447,1.00006205660448,1370.03455152186,1370.32393919501,0.999788818056168,1500,124.933333333333,103.709355842304,96,91.3356367681237,High,135,45
X-Plore.gpx,4175,27.6899155796037,1867.60000610352,1865.69998168945,1.00101839761629,1711.91487133757,1709.64909168066,1.00132528930524,1638,1635,1.00162964272659,1584.04117504034,1580.25571730003,1.00239547163087,1700,109.858823888442,100.700874784563,96,93.1788926494317,Medium,428,60
TL_100k_2025_dee77036fd.gpx,2702,77.3218605032263,5697,5697,1,4362.31792086334,4362.31792086333,1,3852,3852,1.00010033496963,3462.02396045861,3461.02396045861,1.00028893183388,4000,142.425,109.057948021584,96,86.5505990114653,High,460,45
E35_2024_696106d690.gpx,1276,34.5728953658433,2542,2411,1.05433430111987,2479.28763137777,2348.48081540089,1.05569848180963,2403,2272,1.05750095833405,2313.52240613748,2180.18907280415,1.06115677534419,2500,101.68,99.1715052551107,96,92.5408962454994,High,140,45
2025_MYULTRA_MY_25_CLEAN_64581e4ad1.gpx,2073,25.6618697484509,2222,2226,0.998203054806828,1368.94388524575,1373.16772116202,0.996924020386463,1202,1207,0.995903621612483,1099.51474449458,1105.46015284707,0.994621779593614,1252,177.476038338658,109.340565914198,96,87.8206664931775,High,467,45
Lavaredo120_K_f66dabccea.gpx,14093,120.249332877819,6311.70924870308,6301.1392487031,1.00167747443483,5848.90361664935,5838.43520578691,1.00179301653499,5565,5555,1.0018361944824,5317.61568738402,5304.22232732728,1.002525037457,5800,108.822573253501,100.843165804299,96,91.683029092828,Medium,1313,60
2024_wild113k_officiel_96ddad34e6.gpx,11015,111.791129906935,6796.09970092773,6796.29971313477,0.99997057042575,6511.65033952177,6511.42297132072,1.00003491835841,6319,6319,1.0000334236358,6137.17790834521,6136.16249008761,1.00016548099227,6600,102.971207589814,98.6613687806329,96,92.9875440658365,Medium,682,60
IrbisRace25_32461738921725.gpx,22400,40.4297518705595,3830.8,3841.20000000001,0.997292512756428,3680.27117955658,3688.42419271928,0.997789567377094,3536,3545,0.997507539775116,3370.26856958039,3375.40701490211,0.998477681269536,3700,103.535135135135,99.4667886366643,96,91.0883397183889,Low,5497,70
X-Traverse.gpx,7342,75.3827666318721,5572.19973754883,5685.29974365234,0.980106588710685,5281.33807009996,5394.24886524407,0.979068300709742,5065,5177,0.978457893597786,4838.68693582543,4948.04636337402,0.977898463450529,5300,105.135844104695,99.6478881150936,96,91.2959799212345,Medium,532,60
2025_Desert_Rats_Trail_Running_Festival_by_UTMB_10k_Course_e4a08e328e.gpx,811,9.57669799975036,281.465999999999,281.214999999999,1.00089255551802,228.626050511617,228.539735427073,1.00037768086317,191,191,1.0011110456284,162.10138088602,162.117840449397,0.999898471609719,200,140.733,114.313025255809,95,81.05069044301,Medium,6,84
12k_torrencial_9b64ac410c.gpx,1123,12.1803797882078,433,433,1,327.147706191312,326.166795822709,1.00300738879973,286,284,1.00820869711308,243.084918215371,239.876181809723,1.0133766361522,300,144.333333333333,109.049235397104,95,81.0283060717904,Medium,57,60
2025_Canyons_Endurance_Runs_by_UTMB_100k_Course_Alternate_013bd61cda.gpx,4205,98.4274434339013,4151.25400000001,5293.60400000002,0.784201840560797,3804.97186201387,4947.66945428757,0.769043263129988,3573,4716,0.75767983516058,3355.55143750928,4497.44326391457,0.746102005206533,3750,110.700106666667,101.46591632037,95,89.481371666914,High,156,30
mrw_utmb_100_m.gpx,8743,119.078394227737,8974.75526999999,8174.35527000001,1.09791597912773,8305.01027687078,7504.95396230894,1.1066037604734,8001,7201,1.11109196054759,7734.6128366757,6934.68034179721,1.11535246838374,8400,106.842324642857,98.8691699627474,95,92.0787242461393,High,1083,45
mrw_utmb_100_m_AGG_24_MAG_222dc89847.gpx,8743,119.078394227737,8974.75526999999,8174.35527000001,1.09791597912773,8305.01027687078,7504.95396230894,1.1066037604734,8001,7201,1.11109196054759,7734.6128366757,6934.68034179721,1.11535246838374,8400,106.842324642857,98.8691699627474,95,92.0787242461393,High,1083,45
the-arctic-triple-lofoten-ultra-trail-50-miles.gpx,12865,87.2867450334119,4349.27961469651,4361.26398969651,0.997252086773856,3627.41912921294,3639.36917122661,0.996716452370882,3333,3345,0.996464806890189,3033.79804365741,3045.60933276636,0.996121863371683,3500,124.265131848472,103.640546548941,95,86.6799441044975,Medium,1742,60
CMT_46.gpx,8474,45.8954368048727,1937.09765625,1937.25,0.999921360820751,1764.72528776001,1764.53577471084,1.00010740108072,1617,1619,0.998872369797126,1499.15133524662,1501.31299881907,0.998560151298131,1700,113.946920955882,103.807369868236,95,88.185372661566,Low,6,94
KAT_Easy_Trail.gpx,710,8.0705703437776,259,260,0.996153846153846,247.750219737716,248.750219737716,0.995979903048711,238,239,0.994765071331708,218.760304273747,222.220354800275,0.984429641786697,250,103.6,99.1000878950864,95,87.5041217094989,Medium,47,60
peaks-merlin-middle-2025.gpx,625,28.2311503217801,642.1,642.100000000001,0.999999999999999,609.588618184102,609.569567662726,1.00003125241545,570,570,1.00009335179908,531.044588730196,530.89551887051,1.00028078944799,600,107.016666666667,101.598103030684,95,88.5074314550326,High,0,75
PDA_2024_b0233ba7ee.gpx,12039,53.7931349802102,3728.453125,4016.3984375,0.928307582780748,3301.86365615847,3589.21831320957,0.919939487661273,3135,3422,0.91604394705872,3028.28291591644,3317.06191314765,0.912941330372341,3300,112.983428030303,100.056474429045,95,91.7661489671648,Medium,1019,60
TRACK_Travesera-OFICIAL.gpx,5887,70.8329257526174,6585.5203125,6595.5203125,0.998483819391618,6384.52165539578,6407.49311075499,0.99641490752122,6222,6247,0.996096395392202,6005.05073372129,6028.38234316445,0.996129706426201,6560,100.389029153963,97.3250252346918,95,91.5404075262392,High,884,45
Lavaredo50_K_6b9b57cbde.gpx,6058,47.7654926557302,2823.44265178125,2812.87265178125,1.00375772432972,2607.33703735294,2596.82674424286,1.00404736016116,2466,2455,1.00417447348081,2341.47464264035,2331.22464264035,1.00439683066682,2600,108.593948145433,100.282193744344,95,90.056717024629,Medium,715,60
2024_wild70k_officiel_f753e23b7c.gpx,6761,68.5595409526249,4643.49987792969,4315.79989624023,1.07593030019184,4474.23155204199,4145.9655919112,1.07917720319996,4362,4034,1.08130103949891,4254.88484825414,3926.52359297511,1.08362645671262,4600,100.945649520211,97.2659033052607,95,92.497496701177,Medium,463,60
2024_wild25k_officiel_c60f18e9f4.gpx,2925,26.4508279944058,1281.0998840332,1162.29986572266,1.10221116066006,1203.50713413932,1084.99371845784,1.10922958692326,1137,1019,1.11607356665132,1072.16484744995,954.604425296181,1.12315092936772,1200,106.758323669434,100.292261178277,95,89.3470706208289,Medium,53,60
Ultra105_K_2024_W_aa29ab62c4.gpx,3910,104.075418595249,7616,7617,0.99986871471708,6998.17380440195,6999.18032011841,0.999856195201377,6538,6539,0.999820513793926,6227.70113166056,6230.29728076328,0.999583302531849,6900,110.376811594203,101.422808759449,95,90.2565381400081,High,442,45
2024_Speedgoat_Mountain_Races_by_UTMB_10k_Course_b9ba3159b0.gpx,430,9.23074028995082,583.689999999999,574.219999999999,1.0164919368883,520.104087344278,509.238733336594,1.02133646420902,474,463,1.02222629541332,442.14858029197,432.293757974379,1.02279658712577,500,116.738,104.020817468856,95,88.4297160583939,High,27,48
2024_Kodiak_Ultra_Marathons_by_UTMB_50k_Course_5c997f1fd3.gpx,1590,49.6716676949916,1398.282,1398.653,0.999734744786591,1240.67916425551,1240.88507002599,0.999834065397795,1135,1134,1.00051257211902,1078.22569820454,1077.55790502124,1.00061972835074,1200,116.5235,103.389930354626,95,89.852141517045,Medium,2,88
W30_ufficiale22.gpx,3139,30.162835317428,2772,2877,0.963503649635037,2520.13526608461,2625.30076139776,0.959941543894898,2429,2534,0.958405949412194,2354.4857594661,2460.27385192988,0.957001497056599,2570,107.859922178988,98.059737979946,95,91.6142318858405,Medium,704,60
t293879757_ts42 2024(2).gpx,2474,43.9811651652884,2743.23904,2745.83904000001,0.999053112741815,2426.46023556447,2431.27811107368,0.998018377458641,2267,2275,0.996487120551829,2161.12729598213,2174.47468568687,0.993861786576502,2400,114.301626666667,101.102509815186,94,90.0469706659222,High,193,45
peaks-merlin-long-2025.gpx,1456,54.7089647408846,1340.6,1340.6,0.999999999999999,1248.36575577003,1248.34367621983,1.00001768707659,1145,1145,1.00003454981581,1047.35762318708,1047.36410534244,0.999993810981943,1214,110.428336079077,102.830787130975,94,86.273280328425,High,0,75
utmb_100k_AGG_16_mag_25_mrw_e30210677b.gpx,6836,80.5022098223661,6867.99772000002,5833.59772,1.17731767764062,6245.38194147672,5211.2873218671,1.19843362220127,5986,4949,1.20961477350623,5793.5997929937,4756.51852634497,1.21803368596267,6350,108.157444409449,98.3524715193184,94,91.2377920156487,High,1182,45
E101_2024_ab0382dc7c.gpx,3628,96.1949384698818,6638,6639,0.999849374905859,6493.4485545529,6495.18178195264,0.99973315182578,6303,6305,0.999767960567127,6068.44033780338,6067.30073206269,1.00018782746909,6700,99.0746268656717,96.9171426052672,94,90.573736385125,High,310,45
t175947302_tschirgantskyrun ts26neu (2)..gpx,1788,26.6166660943363,2014.9,2014.8,1.00004963271789,1855.76250906566,1855.51955351195,1.00013093667121,1786,1787,0.999794783583403,1742.19463223134,1744.09562055419,0.998910043520295,1900,106.047368421053,97.6717110034556,94,91.6944543279651,High,208,45
AktasTrail25_45001738921894.gpx,5934,16.4924069609843,1995.5,1990.1,1.00271343148586,1393.04428862968,1389.36727008642,1.00264654179095,1221,1219,1.00179875624728,1130.51362027895,1131.18331082504,0.999407973456044,1300,153.5,107.157252971514,94,86.9625861753039,Medium,1087,60
2025_Canyons_Endurance_Runs_by_UTMB_100_mile_Course_ALT_60104edc9c.gpx,6636,158.682287032194,6146.10100000002,7288.46000000001,0.843264695148222,5607.27860512162,6749.88032043769,0.830722670466256,5212,6354,0.820148347044354,4884.98874901707,6026.74018768043,0.810552404267026,5550,110.740558558559,101.032046939128,94,88.0178152976049,High,187,45
CWR_10_K.gpx,4077,11.3885144271121,536.568962890625,536.619744140625,0.999905368278833,421.521935517669,421.172779006393,1.00082901015611,375,377,0.995484717390526,331.891832233393,333.307921824257,0.995751407337956,400,134.142240722656,105.380483879417,94,82.9729580583483,Low,173,70
K31.gpx,1071,29.8902435902057,1770,1770,1,1736.87229088742,1736.38418749668,1.00028110333776,1698,1696,1.00124188206504,1656.71877839639,1650.53209431836,1.00374829674584,1816,97.4669603524229,95.6427472955627,93,91.2290076209466,High,59,45
K130-1.gpx,15504,125.903928459519,17650,17626,1.00136162487235,10119.7997346739,10094.8878099656,1.00246777628215,8874,8847,1.00309634105024,8248.14297004966,8217.74949676223,1.00369851542681,9500,185.789473684211,106.52420773341,93,86.8225575794701,High,3566,45
tdg40k.gpx,2841,39.2034596890241,3038.89993286133,3039.29992675781,0.999868392752896,2924.3666322548,2924.429495216,0.999978504196698,2828,2827,1.00027471276757,2757.46013775621,2756.03121550395,1.00051847099707,3033,100.194524657479,96.4182865893438,93,90.9152699556944,High,198,45
VDA_2024_5ab5a38e62.gpx,12476,159.817957225018,11251.23390625,11251.31203125,0.999993056365357,10028.2712293265,10029.0934608616,0.999918015368158,9319,9320,0.999858335229915,8837.36777225346,8838.09389293409,0.999917841936347,10000,112.5123390625,100.282712293265,93,88.3736777225346,High,1245,45
Grindstone_UTMB_100_mile.gpx,4230,167.765337271079,6277,6276,1.00015933715743,6167.27659923554,6166.3979230785,1.00014249423537,5964,5963,1.00011683640797,5674.00950777864,5673.47793067055,1.00009369510459,6400,98.078125,96.3636968630553,93,88.6563985590413,High,48,45
Ultrak10.gpx,1933,9.56513870534644,502.199951171875,502.799926757813,0.998806730959954,461.900981209402,462.537101712165,0.998624714643629,428,431,0.99467635820696,408.345391395725,413.23180043194,0.98817513794653,460,109.173902428668,100.413256784653,93,88.7707372599403,Low,172,70
TL_100_M_2025_9636b4cd38.gpx,2489,116.530260862621,6216,6216,1,5700.36856044342,5698.73968549183,1.00028583073478,5307,5306,1.00012427683641,4913.88320535433,4913.45314307819,1.00008752750125,5700,109.052631578947,100.006465972692,93,86.208477286918,High,210,45
wild_10k_officiel_73e5668148.gpx,792,9.7194558327087,505.699920654297,505.699920654297,1,480.862174203201,480.818891870255,1.00009001795411,465,465,1.00093561967368,448.136224369734,447.557333597273,1.00129344494885,500,101.139984130859,96.1724348406401,93,89.6272448739469,Medium,24,66
CHT_20_K.gpx,1764,19.8733234810539,848.1640625,848.25390625,0.999894083894765,791.634115051851,791.458349623002,1.00022207792606,743,745,0.99732415412475,697.763368480299,699.338397570145,0.997747829812693,800,106.0205078125,98.9542643814814,93,87.2204210600374,Medium,1,89
tdg29k.gpx,2178,28.3857474328034,2129.49990844727,2130.29989624023,0.99962447174955,2045.73296412206,2045.91605574058,0.999910508733725,1977,1976,1.00053302053477,1949.32332570189,1945.89064696678,1.00176406559149,2130,99.9765215233458,96.0438011324911,93,91.5175270282579,Medium,157,60
xterra-o-see-ultra-trail-2024-50k.gpx,1373,50.6080614833027,2448,2448,1,2288.1929007906,2287.76535321329,1.00018688436587,2132,2132,1.00024267333121,1962.02259103376,1961.56826135819,1.00023161553158,2300,106.434782608696,99.4866478604607,93,85.3053300449462,High,64,45
W70_ufficiale22.gpx,6882,70.17337350952,5706,5809,0.982268893096919,4953.39932619097,5056.73808568053,0.979564146345212,4631,4735,0.978074435285797,4412.27227652412,4516.80395049129,0.976857159373543,5000,114.12,99.0679865238194,93,88.2454455304823,Medium,1140,60
Lavaredo80_K_2025_Val_Marzon_Cortina_8000eae9e2.gpx,8986,79.1945789017477,4908.53690495311,4682.73440495312,1.04822022358585,4493.62452145719,4268.5951642455,1.05271742776091,4259,4037,1.05506521392198,4079.25057339533,3859.86332688758,1.05683808672175,4600,106.70732402072,97.6874895968955,93,88.6793602912027,Medium,1024,60
GPX 2025 O-SEE 25k 2025.gpx,743,25.0336703712913,1216,1216,1,1137.34033033475,1137.16977417361,1.00014998302365,1063,1063,1.00048043116975,1001.86926139055,1000.29481288047,1.00157398447918,1150,105.739130434783,98.8991591595432,92,87.1190662078739,High,33,45
2024_wild50k_officiel_1826c1e0df.gpx,5922,52.4552012708262,3367.49987792969,3219.0998840332,1.04609984133532,3162.27260959557,3014.01520890671,1.04918933396578,3045,2896,1.05125505568394,2952.12096828292,2802.95467615319,1.05321751842754,3300,102.045450846354,95.8264427150172,92,89.4582111600886,Medium,326,60
TT_2025_70d0b03ccb.gpx,2398,32.1479251945258,3507,3508,0.999714937286205,2407.62113926265,2408.91800654157,0.999461639094646,2213,2213,1.0002971659334,2046.69973300118,2043.53461857924,1.00154884306494,2400,146.125,100.317547469277,92,85.279155541716,High,530,45
UTMB_24_107k_pasto_areal_e_janela_chegada_ok_001_1_94e545f2d1.gpx,18689,106.729429918859,5057.70000438673,5040.90000457755,1.00333273816063,4715.6703757437,4698.87037593444,1.00357532735853,4459,4442,1.00379172797442,4211.0324400538,4194.02001500219,1.00405635285257,4850,104.282474317252,97.2303170256434,92,86.8254111351298,Medium,1830,60
UTC_2025_d905fb7c2a.gpx,13506,108.470157324602,8001.78576428186,7979.78576428184,1.0027569662457,6984.30593212287,6962.83633379641,1.0030834558357,6619,6596,1.00342345599354,6317.06265218837,6292.38751788772,1.00392142636328,7200,111.135913392804,97.004249057262,92,87.736981280394,Medium,1024,60
Vesuvio 18k-2025.gpx,1242,18.0630551910054,1282.35061279297,1282.35061279297,1,1140.6492263099,1140.25988773676,1.00034144722385,1038,1037,1.00091549722171,958.116278866168,957.187764724485,1.00097004388888,1130,113.482355114422,100.942409407955,92,84.7890512270945,High,87,45
TalgarTrail25_56211738921774.gpx,10735,19.9796758556335,2323.2,691.200000000001,3.36111111111111,2315.31108693243,680.701424409272,3.40136071985116,2296,660,3.48005779586803,2250.29524765501,602.45278886524,3.73522255892216,2500,92.928,92.6124434772972,92,90.0118099062005,Low,55,55
Arc_12.gpx,247,18.9810184627053,578.755,485.737,1.19149869167883,524.937811915678,431.577197748087,1.21632425126891,459,365,1.25673868260457,384.622126335338,290.919324046708,1.32209205282488,500,115.751,104.987562383136,92,76.9244252670676,High,4,71
peaks-merlin-short-2025.gpx,248,9.59362720728259,271.8,271.8,1,260.858340900303,260.858340900302,1,248,248,1,237.385201801056,237.255148665876,1.0005481572725,271,100.29520295203,96.2576903691154,91,87.5960154247438,High,0,75
GPX 2025 O-SEE 50k 2025.gpx,1452,50.3877481522999,2472,2472,1,2298.65286347623,2298.26254590945,1.0001698315832,2136,2135,1.00035350570512,1964.34672190812,1962.59423759282,1.00089294276001,2340,105.641025641026,98.2330283536849,91,83.9464411071848,High,75,45
UTCC_120_K.gpx,29255,122.462911660465,6116.05084228516,6115.58599853516,1.00007600968249,5340.22723785602,5340.1211119821,1.00001987330843,4736,4739,0.999377211279534,4310.9708212854,4312.01250429901,0.999758423007222,5200,117.616362351638,102.696677651077,91,82.9032850247192,Medium,364,60
BostonMarathon2024.gpx,318,42.2868846562103,281,422,0.665876777251185,257.841480024122,396.842088112039,0.649733200555399,226,363,0.622939299523419,184.108864703001,318.849735627157,0.577415767150851,248,113.306451612903,103.968338719404,91,74.2374454447584,Medium,4,71
E51_2024_4583390aec.gpx,1841,50.9431874058117,2986,2987,0.999665215935721,2919.60369318999,2921.58373094169,0.999322272461088,2813,2816,0.998836551696485,2677.05797310662,2678.15891029595,0.999588920140212,3100,96.3225806451613,94.1807642964513,91,86.3567088098909,High,130,45
2024_Kodiak_Ultra_Marathons_by_UTMB_21k_Course_b14f220920.gpx,876,23.0772649577194,710.986000000002,710.189000000002,1.00112223647508,604.78797962761,603.726433866089,1.0017583224818,543,542,1.00166758341216,515.535732940528,513.474809074411,1.00401368057341,600,118.497666666667,100.797996604602,90,85.9226221567546,Medium,0,90
peaks-merlin-ultra-2025.gpx,2643,101.078206951214,2962.9,2962.9,1,2773.46538683356,2773.46538683358,0.999999999999993,2562,2562,0.999999999999999,2358.32974381464,2358.28395633811,1.00001941559091,2840,104.327464788732,97.6572319307592,90,83.0397797117832,High,6,69
15_km_utmb_2025_agg_20_mag_3089297a0b.gpx,1089,14.7501891475252,799.25493,798.25468,1.00125304620826,650.407351512708,649.446331941711,1.0014797520961,586,585,1.00153856302787,549.065468719747,548.294478072497,1.00140616161221,650,122.962296923077,100.062669463494,90,84.4716105722688,Medium,136,60
Claudia_Augusta_Altinate_Trail_21.gpx,7879,21.0115189643573,1129.6,1118.4,1.01001430615164,1107.72350692798,1096.20695064273,1.01050582308249,1081,1069,1.01122683371076,1053.35786093476,1040.98339760547,1.01188728211973,1200,94.1333333333332,92.3102922439982,90,87.7798217445637,Low,58,70
43_km_utmb_2025_agg_20_mag_cf7798e8a4.gpx,3858,40.4379648934641,3451.33607,3451.32698,1.00000263376958,3038.67675357585,3038.63604253432,1.00001339780117,2881,2881,1.00001441514092,2740.06981219261,2740.10929807083,0.999985589670366,3200,107.8542521875,94.9586485492454,90,85.6271816310191,Medium,798,60
NocnyJelen.gpx,3734,76.5249770581281,3375,3339,1.01078167115903,2777.42473983533,2741.42473983533,1.01313185785365,2406,2369,1.01533585406005,1931.88418884391,1895.01162237836,1.01945769937774,2672,126.309880239521,103.945536670484,90,72.3010549717032,Medium,190,60
CDH_2024_868f768a27.gpx,8103,108.666935045789,6950.8446875,6610.33,1.05151250958727,6185.92460974008,5846.96004929965,1.05797278544447,5756,5419,1.06224333933371,5470.51504154009,5133.19670930502,1.06571311238153,6400,108.606948242188,96.6550720271888,90,85.476797524064,Medium,573,60
TRACCIA-UKT-70K.gpx,10726,68.8844571283021,5170.7568359375,5170.48291015625,1.00005297876156,4649.00207622969,4648.96608225607,1.00000774236099,4260,4259,1.00010459478083,3947.07496918229,3945.29686901536,1.00045068856057,4750,108.858038651316,97.8737279206251,90,83.0963151406799,Medium,1814,60
ISTRIA_100.gpx,7290,166.828367007093,7443.30000000002,7735.70000000003,0.96220122290161,7026.49450872176,7319.02036460527,0.96003210247943,6665,6957,0.957930507967826,6343.91062370292,6635.68354843656,0.956029710789571,7437,100.084711577249,94.4802273594427,90,85.3020118825187,High,151,45
Vesuvio 50K-2025.gpx,6502,48.0576666443392,3872.73238362879,3872.73238362881,0.999999999999993,3519.62288270077,3518.75869617625,1.00024559414246,3315,3315,1.00016824369388,3145.25733740051,3144.69965675464,1.00017733987558,3700,104.668442800778,95.1249427756965,90,85.0069550648785,Medium,577,60
t207466148_tschirgantskyrun ts16(2).gpx,910,16.924816183705,947.300000000001,947.500000000001,0.999788918205805,857.892401537122,858.593400270738,0.999183549823007,805,808,0.997314938734189,778.858666515608,783.034158797751,0.994667547724159,900,105.255555555556,95.3213779485691,89,86.5398518350676,High,25,50
MUT_60.gpx,2382,57.410161070459,3314,3314,1,3002.15624318997,3002.0395766123,1.00003886243825,2726,2726,1.0001867046046,2520.27544296136,2520.14142988273,1.00005317680867,3050,108.655737704918,98.4313522357369,89,82.6319817364381,High,111,45
tl_50k_update_3fda83bc91.gpx,1504,50.3979187730205,3395,3395,1,2774.8128275449,2774.67299603743,1.00005039567101,2503,2502,1.00020877314355,2243.7225766424,2242.56172850456,1.00051764378348,2800,121.25,99.1004581266037,89,80.1329491658001,High,206,45
MUT_100_M.gpx,17609,163.931060371626,8883,8883,1,7956.15304802295,7956.12605729689,1.00000339244575,7233,7233,1.00001516867446,6672.72202810905,6672.43594425141,1.00004287547457,8100,109.666666666667,98.224111703987,89,82.3792842976426,Medium,2055,60
W15_ufficiale22.gpx,1474,14.7947599906745,1053,1157,0.910112359550562,740.137238250258,844.387231744556,0.876537695532284,623,728,0.856234025111108,551.19691651703,656.220012451308,0.839957493003048,700,150.428571428571,105.733891178608,89,78.7424166452899,Medium,243,60
Crono9.gpx,134,8.00891223927687,601.467,603.906,0.995961291989151,580.934990125618,589.966905944459,0.984690809386363,560,573,0.977257111713957,535.561136565845,553.820761599847,0.967029720985441,634,94.8686119873816,91.6301246254917,88,84.4733653889345,High,12,63
2025_Canyons_Endurance_Runs_by_UTMB_50k_Course_42b25d911a.gpx,2192,50.112892779102,1891.381,1891.432,0.999973036302652,1663.38976669265,1664.07198968368,0.99959002795837,1500,1502,0.998879072385993,1358.21274035177,1360.82663667521,0.998079184921139,1700,111.257705882353,97.8464568642735,88,79.8948670795159,Medium,40,60
TRACK_Traveserina_OFICIAL.gpx,3153,44.6062064523469,3089.08,3976.65,0.776804596834017,2899.15430220369,3784.93168461098,0.765972689544507,2780,3666,0.758412591567855,2649.49520163157,3533.40476774818,0.749841972766704,3160,97.7556962025316,91.7453893102434,88,83.8447848617585,High,278,30
MUT_Marathon_2025.gpx,1793,42.3862035264863,2510,2510,1,2248.13956050635,2248.0203250283,1.00005304021352,2014,2014,1.00011262871214,1843.16815250289,1842.3942732353,1.00042003998755,2300,109.130434782609,97.7451982828848,88,80.1377457609951,High,76,45
MUT_100_KM.gpx,4033,99.1731039386914,5103,5103,1,4687.57226154064,4687.79708005511,0.999952041756367,4238,4237,1.00011420244488,3863.31454454659,3863.0634998251,1.00006498591636,4850,105.216494845361,96.6509744647554,87,79.6559699906513,High,134,45
Vesuvio 75K-2025.gpx,17275,71.9602108569085,4725.20349568898,4725.20349568919,0.999999999999955,4312.6003745376,4312.57350396626,1.00000623075092,4052,4051,1.0001833453343,3822.90544860298,3822.16269896916,1.00019432705835,4650,101.617279477182,92.7440940760775,87,82.213020400064,Medium,806,60
E16_2024_2a605ace7d.gpx,2144,17.0578346242113,939.999954223633,939.999954223633,1,879.190072379134,879.182322130291,1.00000881529195,823,822,1.00114833548279,771.241322158559,770.065774487499,1.00152655488662,950,98.9473636024877,92.5463234083299,87,81.183297069322,Medium,80,60
Vut35.gpx,10389,34.9819903208963,2583.648,2476.664,1.04319681636266,2247.5623902803,2141.65940347332,1.04944903313535,2114,2009,1.0521054935098,1996.47980898953,1896.24314716547,1.05286065870502,2450,105.455020408163,91.737240419604,86,81.488971795491,Medium,1754,60
VIELHA_10_K_V0_814f4db3d2.gpx,214,8.30365863708335,552.92578125,552.31640625,1.00110330780166,534.206697577569,533.108113902218,1.0020607146031,509,508,1.00312389560927,460.535263708882,458.353060327262,1.00476096609906,600,92.154296875,89.0344495962615,85,76.7558772848137,High,13,62
Crono21.gpx,326,20.2870998361527,1324.687,1331.406,0.99495345521952,1293.16826044151,1305.60646952512,0.990473232651699,1254,1271,0.986103229334429,1199.77372821773,1227.61019491935,0.977324669657498,1481,89.4454422687373,87.3172356813987,85,81.0110552476523,High,16,59
Crono30.gpx,445,28.4794689711686,1856.689,1858.813,0.998857335299463,1763.68338228938,1772.37802577844,0.995094362848891,1666,1678,0.992571127639174,1560.0462100268,1583.42408446398,0.985235872899397,1968,94.3439532520326,89.6180580431594,85,79.2706407533944,High,23,52
O-See 50k.gpx,2041,50.6066032367164,3962,3962,1,2220.96096617734,2220.45367313381,1.00022846369176,1942,1942,0.999969102437334,1764.36154806808,1763.89462302784,1.0002647125481,2300,172.260869565217,96.56352026858,84,76.711371655134,High,403,45
2025_Canyons_Endurance_Runs_by_UTMB_25k_Course_2ecb772884.gpx,1098,24.9020535436747,882.11,881.531999999999,1.00065567670828,783.696760327604,783.624324280525,1.00009243721109,718,718,0.999115424179993,672.859853658423,674.394674912085,0.997724149803138,850,103.777647058824,92.199618862071,84,79.1599827833439,Medium,20,70
ISTRIA_42.gpx,1800,41.8999104066693,1158.399764,1340.999776,0.86383292878343,1061.23621396225,1244.80463754146,0.852532342792547,962,1144,0.840669362392548,866.151544934261,1047.59767694745,0.826797886243985,1153,100.468322983521,92.0413021649823,83,75.1215563689732,Medium,12,78
utsg-2025-35k.gpx,1086,37.1648085708823,733.01,733.01,1,678.162839867381,678.235891911692,0.999892291096384,598,598,1.00006615153747,496.701411434226,496.742758710336,0.999916763203117,720,101.806944444444,94.189283314914,83,68.9863071436425,Medium,6,84
2025_MYULTRA_MY_13_CLEAN_dd75786950.gpx,1189,14.0103103661731,753,757,0.994715984147953,404.514157529346,408.995676282162,0.989042625600463,346,351,0.985775070631553,312.326547489997,318.326547489996,0.981151430669828,419,179.713603818616,96.5427583602259,83,74.5409421217177,Medium,158,60
utsg-2025-50k.gpx,1347,52.3733935012758,1083.85,1083.85,1,1000.34394199518,1000.39549623273,0.99994846614389,876,876,1.0001820016708,712.265978076733,712.412253500944,0.999794675872724,1061,102.153628652215,94.283123656473,83,67.1315719205215,High,13,62
the-arctic-triple-lofoten-ultra-trail-100-miles.gpx,19170,159.679416939239,7697.38602094646,7701.53055219647,0.999461856156783,6514.94590842757,6518.98155211724,0.999380939544405,5782,5786,0.999332218981507,5138.10742117814,5141.50802315686,0.999338598332745,7000,109.962657442092,93.0706558346796,83,73.4015345882592,Medium,2309,60
Arc_Of_Attrition_25_2025_V4_0_6876b56e8d.gpx,605,40.6869807696628,1054,1064,0.990601503759399,952.311214393294,962.791878405432,0.989114299520789,824,834,0.987214336203496,666.82401827898,678.489817296816,0.982806228302271,1000,105.4,95.2311214393294,82,66.6824018278981,High,11,64
utsg-2025-20k.gpx,665,22.4660390553627,429.93,429.93,1,398.237196333166,398.327393917538,0.999773559173311,349,349,1.00014778342419,286.007248168453,286.064551981993,0.999799682228563,425,101.16,93.7028697254509,82,67.2958230984594,Medium,1,89
Claudia_Augusta_Altinate_Trail_41.gpx,17729,40.4240829945621,2168,2171,0.998618148318747,2105.38290402744,2107.38290402744,0.999050955573296,2046,2046,0.999837102217873,1971.29429840563,1971.62763173896,0.999830934945338,2500,86.72,84.2153161610977,82,78.8517719362251,Low,2783,70
AOA_2025_Arc_50_V1_4_73ca714bc8.gpx,1261,80.8309710542968,2671.524,2602.593,1.02648550887519,2376.7774199092,2312.757110405,1.02768138046843,2040,1979,1.03111294230565,1671.27496727931,1614.53686201303,1.03514203150218,2500,106.86096,95.0710967963679,82,66.8509986911725,High,39,45
Arc_100.gpx,2651,161.657108292398,5277.92200000001,5202.117,1.01457195214948,4692.12794563714,4614.60807772485,1.0167987977758,3993,3914,1.02038449522764,3248.5944204946,3166.3498474421,1.0259745691459,4900,107.712693877551,95.7577131762682,81,66.2978453162164,High,77,45
2025_Desert_Rats_Trail_Running_Festival_by_UTMB_21k_Course_fd8f191146.gpx,2052,21.253334309654,825.842,825.689,1.00018529979205,614.451264989987,614.341483788048,1.00017869736105,517,517,1.000266362429,461.95547214586,461.719031209219,1.00051208834954,700,117.977428571429,87.7787521414267,74,65.9936388779801,Medium,30,60
